{
  "version": 1,
  "author": "Anonymous maker",
  "editor": "wokwi",
  "parts": [
    { "type": "wokwi-arduino-uno", "id": "uno", "top": -18.6, "left": -10.2, "attrs": {} },
    { "type": "wokwi-7segment", "id": "sevseg1", "top": -139.02, "left": 120.28, "attrs": {} }
  ],
  "connections": [
    [ "sevseg1:B", "uno:10", "green", [ "h0" ] ],
    [ "sevseg1:A", "uno:11", "magenta", [ "h0" ] ],
    [ "sevseg1:F", "uno:6", "purple", [ "v0", "h18.36" ] ],
    [ "sevseg1:G", "uno:7", "white", [ "h0" ] ],
    [ "sevseg1:E", "uno:12", "gray", [ "h0" ] ],
    [ "sevseg1:D", "uno:8", "violet", [ "h0" ] ],
    [ "sevseg1:C", "uno:9", "gold", [ "v28.8", "h48" ] ],
    [ "sevseg1:COM.1", "uno:5V", "orange", [ "v9.6", "h172.8", "v249.6", "h-124.8" ] ]
  ],
  "dependencies": {}
}